Variants_of,pIC50,Ensemble
GpTx-1,6.14,6.209110468846871
GpTx-1,7.0,6.981161248176734
Protoxin II,7.54,7.387747321368384
JzTx-V,8.4,7.898466454315077
GpTx-1,6.43,6.662122019526509
GpTx-1,7.92,8.013347356488017
GpTx-1,7.15,6.818139570910588
GpTx-1,8.15,8.200296829641585
GpTx-1,5.61,6.539155412474145
GpTx-1,6.29,6.678833055578903
GpTx-1,7.92,7.878627194263032
GpTx-1,6.17,6.169251716927342
GpTx-1,7.39,7.7565876554060305
GpTx-1,7.1,6.842609462392723
GpTx-1,6.57,6.601274071011164
GpTx-1,5.33,5.508742884057237
GpTx-1,5.76,5.951510335232086
GpTx-1,6.14,6.1604860852790635
GpTx-1,7.4,7.384083887040032
GpTx-1,6.42,6.370932798623481
GpTx-1,7.1,7.78654963753917
GpTx-1,5.39,5.317625887538174
GpTx-1,5.3,5.39405423421852
GpTx-1,5.3,5.330633342484654
GpTx-1,5.3,5.309733552603865
GpTx-1,5.3,5.392272411930809
GpTx-1,5.3,5.341888278795156
GpTx-1,5.44,5.457515685995985
GpTx-1,5.35,5.349219220871549
GpTx-1,5.33,5.3598346665622065
GpTx-1,6.54,6.068004564639897
GpTx-1,7.07,7.6807947430591925
GpTx-1,5.82,5.874471144654531
GpTx-1,7.1,7.118553154134131
GpTx-1,8.4,8.091320227564703
GpTx-1,7.3,7.085906748053408
GpTx-1,8.7,8.57516296773427
GpTx-1,8.8,8.389312775494544
GpTx-1,5.3,5.393609887926542
GpTx-1,5.3,5.1143667218729965
GpTx-1,5.96,5.676272027724085
GpTx-1,5.3,5.083507317536111
GpTx-1,5.3,5.2698108914685475
GpTx-1,5.3,5.734622576127317
GpTx-1,7.15,6.311062736191928
GpTx-1,5.3,5.962278117316006
GpTx-1,7.92,7.710225540326628
GpTx-1,5.3,5.35326709532625
GpTx-1,5.3,5.374758479064347
GpTx-1,5.3,5.287039105077472
GpTx-1,5.3,5.297824238178175
GpTx-1,5.3,5.395330390200525
GpTx-1,6.52,6.405883383297781
GpTx-1,5.47,5.460233140283389
GpTx-1,7.92,7.74102068080682
GpTx-1,5.82,5.6816090262494185
GpTx-1,6.94,7.498140148653814
GpTx-1,5.3,5.843167413204326
GpTx-1,5.3,5.361281869180071
GpTx-1,5.54,5.413604962572559
GpTx-1,5.3,5.31656549570329
GpTx-1,5.35,5.480625765668882
GpTx-1,5.3,5.305650854695991
GpTx-1,5.3,5.404553637869266
GpTx-1,5.3,5.458427831483274
GpTx-1,5.3,6.119698791426262
GpTx-1,5.3,5.368116050727276
GpTx-1,6.21,6.6208077150354105
GpTx-1,7.55,7.848159169708904
GpTx-1,5.09,6.068987337640361
GpTx-1,6.42,6.2055503429429
GpTx-1,7.52,7.293018979162347
GpTx-1,5.3,5.295617469625389
GpTx-1,5.3,5.272375969777905
GpTx-1,5.3,5.290525432677608
GpTx-1,5.3,5.246954492720922
GpTx-1,5.3,5.41256098070789
GpTx-1,5.3,5.384271242120576
GpTx-1,5.3,5.466894905467133
GpTx-1,5.3,5.372914236235814
GpTx-1,5.3,5.346701778950307
GpTx-1,6.22,6.130566280234297
GpTx-1,5.74,5.706866357948445
GpTx-1,5.3,5.017421937936106
GpTx-1,5.8,5.8957404223282905
GpTx-1,5.3,5.183748880927527
GpTx-1,5.3,5.266648416169547
GpTx-1,5.3,5.653939694697257
GpTx-1,6.57,6.305558209007006
GpTx-1,7.52,7.597743024861757
GpTx-1,5.39,5.287466869181514
GpTx-1,5.3,5.357964882918584
GpTx-1,5.3,5.243236456207448
GpTx-1,5.3,5.4071066863647275
GpTx-1,6.7,6.4983046510884295
GpTx-1,5.3,5.561364228411246
GpTx-1,8.05,7.663323392865482
GpTx-1,5.64,5.653424538682024
GpTx-1,6.22,5.6202015753762815
GpTx-1,7.3,7.360616820075319
GpTx-1,5.3,5.406263161383056
GpTx-1,5.3,5.337531519209736
GpTx-1,5.3,5.355062545486965
GpTx-1,5.3,5.314571530137456
GpTx-1,5.3,5.339278199616661
GpTx-1,5.32,5.31757477018131
GpTx-1,6.46,6.27358885836527
GpTx-1,7.68,7.2741379132162995
GpTx-1,5.3,5.428395976592384
GpTx-1,6.13,5.893624718141076
GpTx-1,7.3,7.101234540522943
GpTx-1,6.01,5.586236457101417
GpTx-1,6.26,7.079827908227846
GpTx-1,5.62,5.521019639439946
GpTx-1,5.26,5.583016111264047
GpTx-1,5.3,5.634515585088853
GpTx-1,6.55,6.538493417113631
GpTx-1,7.31,7.7972764767831455
GpTx-1,5.3,4.8463010878936315
GpTx-1,5.3,5.666049787408137
GpTx-1,5.3,5.529354239587178
GpTx-1,6.21,6.953186150783758
GpTx-1,5.39,6.293039862012286
GpTx-1,6.0,5.785285443756827
GpTx-1,6.4,5.980483310805216
GpTx-1,7.59,7.453069514642903
GpTx-1,5.3,4.9669078913762865
GpTx-1,4.92,4.331979207358138
GpTx-1,5.0,6.458250641093429
GpTx-1,5.3,5.3145736792114535
GpTx-1,5.3,5.039229530895365
GpTx-1,6.57,6.027731957802895
GpTx-1,6.99,7.595840566200839
GpTx-1,6.24,5.8880537317970365
GpTx-1,5.3,5.417683633504264
GpTx-1,5.3,4.756720725100227
GpTx-1,6.19,6.201147463517416
GpTx-1,7.63,7.345187543982706
GpTx-1,6.82,7.442200049950158
GpTx-1,5.3,5.113547590858761
GpTx-1,7.47,7.479505209562004
GpTx-1,5.96,6.113923717471187
GpTx-1,6.0,6.050327012018895
GpTx-1,5.77,5.874061264895393
GpTx-1,6.2,5.922254409086644
GpTx-1,7.43,7.565567111453372
GpTx-1,6.48,6.116500711634841
GpTx-1,7.11,7.760628721860118
GpTx-1,6.19,5.845915812606566
GpTx-1,7.35,7.243001884227456
GpTx-1,6.1,5.99813437108714
GpTx-1,6.55,6.508283758984291
GpTx-1,6.17,6.470898612044902
GpTx-1,6.37,6.77205706935118
GpTx-1,6.0,6.702846837844972
GpTx-1,7.24,7.612919734500632
GpTx-1,5.36,5.885531777149254
GpTx-1,4.75,5.478647798139554
GpTx-1,6.29,6.585015745439104
GpTx-1,5.45,5.416528776422506
GpTx-1,7.3,6.855493257858799
GpTx-1,7.82,7.880902215620452
GpTx-1,6.74,5.774390074068445
GpTx-1,5.33,6.270044930570684
GpTx-1,7.15,6.366696883455771
GpTx-1,4.84,6.231558688817034
GpTx-1,7.22,6.626949775969858
GpTx-1,7.59,8.053857230614502
GpTx-1,6.03,6.591369079989981
GpTx-1,6.06,5.874095961325485
GpTx-1,7.01,7.359509197766201
GpTx-1,6.28,6.603860131524677
GpTx-1,6.31,6.413677575403916
GpTx-1,5.77,5.970336809025649
GpTx-1,6.68,6.888745351350122
GpTx-1,6.66,6.506891078484586
GpTx-1,8.52,7.713995057925968
GpTx-1,7.05,6.855796903884731
GpTx-1,8.7,8.30386312475042
GpTx-1,8.68,8.414404599790823
GpTx-1,6.96,7.082241045333437
GpTx-1,7.3,6.735404144762065
GpTx-1,6.68,6.95411301751995
GpTx-1,6.66,6.613010744975426
GpTx-1,8.7,7.8831887658067705
GpTx-1,8.6,7.883475181634385
GpTx-1,6.92,6.661014502957907
GpTx-1,6.77,6.502352629016677
GpTx-1,6.59,6.198676184652519
GpTx-1,6.68,6.523085202155005
GpTx-1,6.66,6.486665484111799
GpTx-1,6.23,6.256415404191105
GpTx-1,7.7,7.829508982879193
GpTx-1,6.05,6.153256186656279
GpTx-1,6.66,6.345526847112812
GpTx-1,7.74,8.093461728946776
GpTx-1,6.52,7.082875943312659
GpTx-1,8.7,8.335147624829574
GpTx-1,8.8,8.315020063828632
GpTx-1,8.4,7.989273407087089
GpTx-1,7.0,6.971502195611133
GpTx-1,6.92,7.223753765685893
GpTx-1,8.52,8.235279412842749
GpTx-1,6.16,6.665274576087744
GpTx-1,5.85,6.029856034925054
GpTx-1,6.81,6.9826890745615415
GpTx-1,6.64,6.917706916351965
GpTx-1,6.21,6.4895519973265365
GpTx-1,6.42,6.9050373166115735
GpTx-1,8.22,7.867574810010065
GpTx-1,5.82,6.079321301736839
GpTx-1,5.85,6.060165848203295
GpTx-1,6.15,6.883318504661111
GpTx-1,6.85,6.711112598843862
GpTx-1,6.39,6.61368266457798
GpTx-1,7.1,6.737370922675345
GpTx-1,6.72,6.818527240249362
GpTx-1,7.05,6.85579813543443
GpTx-1,7.05,6.835619743074717
GpTx-1,6.62,6.43420634445513
GpTx-1,5.3,6.468589671993448
GpTx-1,7.22,6.903539737330806
GpTx-1,7.0,6.708722141541169
GpTx-1,6.33,6.453538313675839
GpTx-1,5.21,6.13685601112756
GpTx-1,6.52,6.325902421070915
GpTx-1,7.92,7.734391520558124
GpTx-1,6.15,6.016287034692911
GpTx-1,7.55,7.024018058435304
GpTx-1,6.42,6.7754240620045465
GpTx-1,6.6,6.899106798723506
GpTx-1,6.02,6.0347551692173615
GpTx-1,6.17,5.802161367964899
GpTx-1,7.28,7.703897859587472
GpTx-1,7.1,7.145647096363557
GpTx-1,7.0,6.800333529671498
GpTx-1,7.0,7.106427934712457
GpTx-1,8.52,8.069544001706026
GpTx-1,7.3,7.026317889791717
GpTx-1,7.3,6.8192697740430175
GpTx-1,7.0,6.770594118888357
GpTx-1,8.4,8.028539180722834
GpTx-1,7.4,7.391468223315744
GpTx-1,7.15,7.238332160721346
GpTx-1,8.52,8.286042920411422
GpTx-1,7.52,7.209215745465445
GpTx-1,7.52,7.384825802711632
GpTx-1,7.4,7.107269912510848
GpTx-1,7.05,6.783741308385839
GpTx-1,6.74,6.551388492776461
GpTx-1,6.85,6.8828970493038035
GpTx-1,7.52,7.002826342747341
GpTx-1,8.3,8.472690084883043
GpTx-1,7.0,6.905364637525061
GpTx-1,6.02,5.8163296054882965
GpTx-1,5.07,5.636841576799571
GpTx-1,6.66,6.646092020441618
GpTx-1,6.44,6.397858944066567
GpTx-1,6.14,6.1116825959416365
GpTx-1,7.82,7.520332020434739
GpTx-1,6.47,6.051272931991865
GpTx-1,7.445,7.6173709907120655
GpTx-1,4.93,5.135125504485043
GpTx-1,4.74,4.461880240628793
GpTx-1,5.0,6.569303167743594
GpTx-1,5.66,5.875880977684936
GpTx-1,4.7,5.20300133304841
GpTx-1,5.16,5.421732328124697
GpTx-1,5.01,5.332100263410658
GpTx-1,5.1,5.910236428357625
GpTx-1,4.64,5.451200979603098
GpTx-1,4.74,5.435527487527973
GpTx-1,6.1,5.956185437434558
GpTx-1,4.86,5.261544238327478
GpTx-1,7.3,6.8376543529545275
GpTx-1,6.15,5.7425883978974595
GpTx-1,6.22,6.27815109553931
GpTx-1,5.3,5.736363459459269
GpTx-1,6.14,5.738316991878783
GpTx-1,6.92,6.365954731078637
GpTx-1,6.46,6.112372932601841
GpTx-1,5.31,5.6960838519214425
GpTx-1,5.3,5.768391413099792
GpTx-1,5.31,5.494584712892743
GpTx-1,5.99,5.887402786778389
GpTx-1,5.4,5.679406543137735
GpTx-1,5.45,5.973493451964394
GpTx-1,6.82,6.037327058231637
GpTx-1,7.05,6.842586484463653
GpTx-1,7.3,7.303526489200131
GpTx-1,5.82,5.4936144063172305
GpTx-1,6.48,6.759260507378308
GpTx-1,6.11,6.059512323622343
GpTx-1,6.25,6.149259991623615
GpTx-1,7.57,7.545507038134559
GpTx-1,7.22,7.047153569090528
GpTx-1,6.54,6.779891324126552
GpTx-1,7.7,6.868734267891566
GpTx-1,6.82,6.722501443961316
GpTx-1,7.43,8.110470810633716
GpTx-1,7.15,6.771239306375404
GpTx-1,6.89,6.967327466205359
GpTx-1,7.15,6.958409609142362
GpTx-1,6.44,6.921572665857702
GpTx-1,5.28,6.359147345032581
GpTx-1,6.92,6.801820888393423
GpTx-1,8.22,7.8671041080208886
GpTx-1,7.1,6.945774983568274
GpTx-1,7.4,7.202180615619511
GpTx-1,7.7,7.0274292641866545
GpTx-1,5.14,5.796251232153043
GpTx-1,4.77,5.369690371815355
GpTx-1,7.1,6.631462464140088
GpTx-1,5.7,6.240349063664681
GpTx-1,6.51,6.351999986835101
GpTx-1,8.3,7.98317217849582
GpTx-1,7.89,7.781159139827937
GpTx-1,7.05,7.948739368326211
GpTx-1,6.39,6.423124957658047
GpTx-1,5.35,5.852455327584072
GpTx-1,6.23,6.36667865363641
GpTx-1,6.52,6.484827538161899
GpTx-1,7.3,7.073933154690252
GpTx-1,6.32,6.293819986985073
GpTx-1,8.05,8.144395122205923
GpTx-1,6.55,5.99716275947646
GpTx-1,5.25,5.780090724221991
GpTx-1,6.62,6.211646913583572
GpTx-1,5.45,6.163673051495138
GpTx-1,6.59,6.54866665950033
GpTx-1,7.3,7.171411572370257
GpTx-1,7.74,7.874438266553326
GpTx-1,7.15,7.175745627680183
GpTx-1,5.87,6.458898570124042
GpTx-1,4.63,6.560439304121091
GpTx-1,5.84,5.519482138664844
GpTx-1,6.72,6.643407298690097
GpTx-1,8.4,7.892425924686563
GpTx-1,7.1,6.867936741177959
GpTx-1,8.15,8.119619317183465
GpTx-1,7.52,7.386292736448787
GpTx-1,5.82,6.027529882123893
GpTx-1,5.94,6.320111814927993
GpTx-1,6.29,6.194291203361054
GpTx-1,6.49,6.9472765323247865
GpTx-1,6.72,6.56587863707317
GpTx-1,7.52,7.253842675337656
GpTx-1,7.1,7.101431699740613
GpTx-1,7.52,6.436546914372844
GpTx-1,7.41,8.197602153244526
GpTx-1,6.25,6.501455177528375
GpTx-1,7.74,7.635742514700952
GpTx-1,6.85,6.653681732732193
GpTx-1,7.0,7.190575701339984
GpTx-1,6.77,6.688715777546016
GpTx-1,7.3,7.194227752122821
GpTx-1,6.94,6.740565919635244
GpTx-1,7.15,6.97664846022597
GpTx-1,7.06,6.886810401439348
GpTx-1,6.57,6.730698119580975
GpTx-1,6.72,6.82350294374627
GpTx-1,7.62,7.898718891840492
GpTx-1,6.89,6.570935686861092
GpTx-1,6.7,6.844754965838232
GpTx-1,6.8,6.733725868284755
GpTx-1,7.05,6.889624886452405
GpTx-1,6.59,6.682610801540271
GpTx-1,7.12,6.831433430167473
GpTx-1,6.18,7.001137374598752
GpTx-1,6.92,6.621517913527136
GpTx-1,7.1,6.975688818769306
GpTx-1,6.96,7.004722059364663
GpTx-1,7.1,7.073677875207964
GpTx-1,7.01,6.832852009406117
GpTx-1,7.3,6.96550718903918
GpTx-1,7.15,7.084558274719419
GpTx-1,6.62,6.866648478668576
GpTx-1,6.89,7.074379407398406
GpTx-1,7.05,7.101822506192039
GpTx-1,8.4,8.148702608833364
GpTx-1,6.31,7.02399585757184
GpTx-1,8.7,7.767156597402429
GpTx-1,6.4,6.659090669964652
GpTx-1,6.8,7.249724030466133
GpTx-1,8.72,8.223336228622129
GpTx-1,5.36,6.135545520605895
GpTx-1,7.3,6.8510872376377305
GpTx-1,7.0,7.0752223618969685
GpTx-1,7.0,6.73569091960772
GpTx-1,7.0,7.0648245092300535
GpTx-1,6.85,6.951918217614413
GpTx-1,6.85,6.722232084490774
GpTx-1,6.46,6.590278251892916
GpTx-1,8.05,7.736585981690332
GpTx-1,5.16,5.671968577746867
GpTx-1,6.1,5.579277039627552
GpTx-1,7.38,6.92559124413589
GpTx-1,5.06,5.755973554428892
GpTx-1,5.16,6.355070131830221
GpTx-1,5.99,5.908539824370126
GpTx-1,6.23,6.183970710400042
GpTx-1,7.05,6.371121632081756
GpTx-1,7.52,7.734590812293233
GpTx-1,7.52,7.171684323444469
GpTx-1,7.89,7.022933663183125
GpTx-1,7.66,7.781052732846308
GpTx-1,8.0,7.166943402480378
GpTx-1,6.01,6.046089020924835
GpTx-1,7.16,7.3907091137115195
GpTx-1,6.46,6.17829899053378
GpTx-1,5.3,5.987577834569552
GpTx-1,6.12,5.631961655754942
GpTx-1,8.05,7.225539438459066
GpTx-1,5.3,6.431098067852534
GpTx-1,5.32,5.984870180843177
GpTx-1,6.44,6.385452636087249
GpTx-1,8.7,7.582256852553506
GpTx-1,7.24,6.978377581238489
GpTx-1,7.02,6.938861500031834
GpTx-1,7.96,8.17473228977036
GpTx-1,6.77,6.84122962212804
GpTx-1,8.15,7.823141000195824
GpTx-1,7.37,6.910129201053242
GpTx-1,7.16,6.897349247407932
GpTx-1,6.57,8.153952054061568
GpTx-1,7.0,6.24420702035755
GpTx-1,8.7,7.442232004886581
GpTx-1,5.93,5.85608527340884
GpTx-1,5.44,6.365772590097947
GpTx-1,6.12,6.295194343360033
GpTx-1,7.62,7.3690037835233
GpTx-1,5.89,6.273566307017592
GpTx-1,5.35,5.591193853322704
GpTx-1,5.91,5.708917354821767
GpTx-1,6.92,6.648633181971807
GpTx-1,6.13,6.170095071382366
GpTx-1,7.07,7.2304143033769845
GpTx-1,6.82,6.208234014909145
GpTx-1,6.7,7.8145676214972255
GpTx-1,6.16,6.17662997000161
GpTx-1,6.76,7.217464979857266
GpTx-1,6.34,5.773688419885031
GpTx-1,6.94,6.6327835779111135
GpTx-1,6.0,6.174330619130271
GpTx-1,7.54,6.7166515571434005
GpTx-1,6.15,6.53704253754169
GpTx-1,7.74,7.321908107975015
GpTx-1,6.32,6.1755931065853575
GpTx-1,7.13,7.370261480209289
GpTx-1,5.05,5.274710181279097
GpTx-1,5.89,5.192470703610995
GpTx-1,5.02,5.348106758366029
GpTx-1,5.4,5.555510787050355
GpTx-1,4.98,5.220194819569428
GpTx-1,5.03,5.020515112621097
GpTx-1,6.82,6.634422542142251
GpTx-1,5.84,6.154168601392094
GpTx-1,6.7,6.741835055784352
GpTx-1,8.22,8.187856788857493
GpTx-1,6.68,6.8113437893928355
GpTx-1,8.52,7.994342357524722
GpTx-1,7.1,6.318128388160365
GpTx-1,7.54,8.20044800262861
GpTx-1,6.31,6.6942952600845045
GpTx-1,7.3,7.0087655908014375
GpTx-1,6.6,6.732993989003147
Pnc1a,6.03,6.849188868468211
GpTx-1,7.52,6.755413591341191
Pnc1a,6.86,6.261730278798012
Pnc1a,6.6,6.573870031297319
Pnc1a,6.29,6.622549557419486
Pnc1a,5.15,6.797431204372557
Pnc1a,6.34,6.6795713176290015
Pnc1a,6.24,6.881607430261387
Pnc1a,7.51,6.60470666214441
Pnc1a,6.01,7.127992251173477
Pnc1a,7.39,6.641350991069353
Pnc1a,7.31,7.055242806628996
Pnc1a,7.89,7.324972497225729
Pnc1a,7.62,6.8976298663007
Huwentoxin-IV,7.4,7.121999057415711
Huwentoxin-IV,7.4,6.915142859773899
GpTx-1,7.49,7.622300003860602
GpTx-1,6.66,6.697154671522178
JzTx-V,6.68,6.505859463037344
JzTx-V,8.26,8.042183471051283
JzTx-V,7.74,8.074419005031835
JzTx-V,9.52,8.274774545794783
JzTx-V,7.34,7.7070138050354515
GpTx-1,6.59,6.361445817627779
Protoxin II,7.62,7.634157801474966
Protoxin II,7.52,7.511307215904715
Huwentoxin-IV,7.4,7.002508887308522
Protoxin II,6.23,6.5711916842557665
Protoxin II,6.69,6.132960879890191
Protoxin II,6.0,6.157917254086665
Protoxin II,6.31,6.46338235153416
Protoxin II,6.07,6.139316013279206
Protoxin II,6.18,6.077879427614197
Protoxin II,7.22,7.479061506793602
Protoxin II,7.3,7.514745223405335
Protoxin II,7.73,7.80397182353169
Protoxin II,7.36,7.346480572747783
Protoxin II,7.68,7.326002357413825
Protoxin II,7.67,7.671411092953069
Protoxin II,7.76,7.697792628382146
Protoxin II,7.74,7.627129855166665
Protoxin II,7.9,8.029603399079205
Protoxin II,7.45,7.513931450691767
Protoxin II,7.57,7.541562329354297
Protoxin II,7.88,7.7966059746830085
Protoxin II,7.64,7.669301892712419
Protoxin II,7.7,7.755086324775647
Protoxin II,7.5,7.374123626151563
Protoxin II,7.59,7.629293148967023
Protoxin II,7.12,7.598482492100097
Protoxin II,8.03,7.489435598387857
Protoxin II,7.57,8.227304939587983
Protoxin II,7.22,7.589993409964058
Protoxin II,7.65,7.402744415895093
Protoxin II,8.39,8.401184894635982
Protoxin II,7.25,7.5948381660831075
Protoxin II,7.52,7.3069161289735725
Huwentoxin-IV,6.8,7.017282510456606
Protoxin II,7.45,7.702326668480819
Huwentoxin-IV,6.64,6.863072350463863
Huwentoxin-IV,6.8,6.775455736746788
Huwentoxin-IV,7.7,6.975126111538073
Huwentoxin-IV,7.15,7.0828889512503475
Huwentoxin-IV,6.66,6.918180578205373
Huwentoxin-IV,6.28,6.479027134225709
Huwentoxin-IV,6.85,6.992847927541779
Huwentoxin-IV,7.0,6.755540919798342
Huwentoxin-IV,6.59,6.602413226110142
Huwentoxin-IV,6.66,6.844605932866319
Huwentoxin-IV,6.57,6.759003724059734
Huwentoxin-IV,5.96,6.850228365539592
Huwentoxin-IV,6.96,6.9483428523477855
Huwentoxin-IV,6.62,6.959364994427258
Huwentoxin-IV,6.59,6.646833224860867
Huwentoxin-IV,6.89,7.11748030578991
Huwentoxin-IV,7.52,6.820004056658912
Huwentoxin-IV,7.0,7.363601232590238
Huwentoxin-IV,7.0,6.726479643129565
Huwentoxin-IV,6.72,6.7229634304337536
Huwentoxin-IV,6.72,6.846867574580977
Huwentoxin-IV,6.74,6.990345576627778
Huwentoxin-IV,6.85,7.010566945799828
Huwentoxin-IV,6.55,6.912046181420013
Huwentoxin-IV,5.88,6.4557732215114525
Huwentoxin-IV,7.0,6.755783352034197
Huwentoxin-IV,7.3,6.949656442921635
Huwentoxin-IV,6.74,6.7662918785814705
Huwentoxin-IV,6.64,6.370017924022608
Huwentoxin-IV,6.64,6.899731147536372
Huwentoxin-IV,6.62,7.005513975851742
Huwentoxin-IV,6.59,7.036926064186382
Huwentoxin-IV,7.7,7.000752338503937
Huwentoxin-IV,6.46,6.854739205831323
Huwentoxin-IV,7.3,6.759641048072749
Huwentoxin-IV,6.44,6.726525787982137
Huwentoxin-IV,6.82,6.91813398974147
Huwentoxin-IV,7.0,6.877918974666463
Huwentoxin-IV,6.92,6.799736722015741
Huwentoxin-IV,7.0,6.884694450698764
Huwentoxin-IV,7.0,7.039887777976048
Huwentoxin-IV,6.57,6.9731316687580716
Huwentoxin-IV,7.15,7.042340425815671
Huwentoxin-IV,7.1,6.94079350919936
Huwentoxin-IV,7.15,7.0275078543660925
Huwentoxin-IV,7.05,6.937219112557756
Huwentoxin-IV,7.52,6.962806926097886
Huwentoxin-IV,7.7,6.727459498296867
Huwentoxin-IV,6.64,6.865644710271943
Huwentoxin-IV,7.3,7.178461829790547
Huwentoxin-IV,7.15,6.955924804384946
Huwentoxin-IV,7.4,6.696373154984562
Huwentoxin-IV,7.05,7.199176347874207
Huwentoxin-IV,6.92,7.170485664895455
Huwentoxin-IV,7.4,6.956068407598295
Huwentoxin-IV,6.8,7.039811560424963
Huwentoxin-IV,7.4,7.353638470349331
Huwentoxin-IV,6.8,6.821138388479356
Huwentoxin-IV,6.89,6.971984598355764
Huwentoxin-IV,6.52,6.923611701616365
Huwentoxin-IV,7.4,7.124090766401351
Huwentoxin-IV,6.8,7.053710009384709
Huwentoxin-IV,7.4,7.132182894207733
Huwentoxin-IV,6.28,6.221266512287218
Huwentoxin-IV,6.06,6.495402184454946
Huwentoxin-IV,6.74,6.635489937888501
Huwentoxin-IV,6.62,6.478238700943287
Huwentoxin-IV,6.96,6.690513920017438
Huwentoxin-IV,6.92,6.927964244230225
Huwentoxin-IV,6.52,6.900220013696502
Huwentoxin-IV,6.89,6.830444934006418
Huwentoxin-IV,6.82,7.019639640468547
Huwentoxin-IV,7.05,6.830691538471169
Huwentoxin-IV,5.08,6.833221737679175
Huwentoxin-IV,7.52,6.902824460373466
Huwentoxin-IV,6.77,6.554158967591785
Huwentoxin-IV,6.85,6.722837902458018
Huwentoxin-IV,6.54,6.469428584264148
Huwentoxin-IV,6.13,7.0116800670462895
Huwentoxin-IV,6.7,6.431189666429435
Huwentoxin-IV,6.51,6.647733271373372
Huwentoxin-IV,7.3,7.055870853730478
Huwentoxin-IV,6.89,7.0461381546020965
Huwentoxin-IV,6.7,6.509554031828112
Huwentoxin-IV,6.64,6.644514319460003
Huwentoxin-IV,6.6,6.631359431377978
Huwentoxin-IV,6.7,6.631458953805648
Huwentoxin-IV,7.3,6.263002160364867
Huwentoxin-IV,6.59,6.7289023344104875
Huwentoxin-IV,6.72,6.9078167688159935
Huwentoxin-IV,7.05,6.799034985407282
Huwentoxin-IV,7.22,6.8258432417159085
Huwentoxin-IV,7.7,7.3523634864951815
Huwentoxin-IV,6.59,6.61645443516323
Huwentoxin-IV,6.02,6.383282201147267
Huwentoxin-IV,6.68,6.792074999405717
Huwentoxin-IV,7.22,6.782709788654393
Huwentoxin-IV,6.7,6.781172782402244
Huwentoxin-IV,6.54,6.6156962920467395
Huwentoxin-IV,6.82,6.704247986298903
Huwentoxin-IV,7.0,6.08758889212702
Huwentoxin-IV,6.07,7.040923650507967
Huwentoxin-IV,7.0,6.6601680371960486
Huwentoxin-IV,7.15,6.387732889482321
Huwentoxin-IV,6.72,6.948470429446253
Huwentoxin-IV,7.1,7.2722875356581556
Huwentoxin-IV,7.7,7.25318117560017
Huwentoxin-IV,8.0,7.3311219834992265
Huwentoxin-IV,8.0,7.4584568496735235
Huwentoxin-IV,6.92,7.387480289784473
Huwentoxin-IV,6.96,7.0776217036570985
Huwentoxin-IV,7.05,7.219834443923226
Huwentoxin-IV,8.0,6.84091378413061
Huwentoxin-IV,6.68,7.157019095703724
Huwentoxin-IV,6.54,7.144438603866489
Huwentoxin-IV,7.4,6.989537837610674
Huwentoxin-IV,6.23,6.971553337930048
Huwentoxin-IV,6.41,6.864294809509876
Huwentoxin-IV,6.72,7.007106648823755
Huwentoxin-IV,7.0,6.9071409781929525
Huwentoxin-IV,7.3,6.768090423527265
Huwentoxin-IV,7.05,6.700902255673377
Huwentoxin-IV,7.0,7.0280391436839755
Huwentoxin-IV,6.8,6.975172083680225
Huwentoxin-IV,7.3,6.943415846350717
Huwentoxin-IV,6.57,6.984317751693841
Huwentoxin-IV,6.59,6.766260792926374
Huwentoxin-IV,7.52,6.890422418437839
Huwentoxin-IV,5.83,6.998220836966688
Huwentoxin-IV,6.43,6.905371815081641
Huwentoxin-IV,6.72,6.862116855524685
Huwentoxin-IV,6.96,7.168174043130762
Huwentoxin-IV,6.66,6.900518244693763
Huwentoxin-IV,7.22,6.646239359907756
Huwentoxin-IV,6.85,7.087743383606623
Huwentoxin-IV,7.05,6.835370529932125
Huwentoxin-IV,7.15,6.647243603809922
Huwentoxin-IV,5.76,6.950601882571031
Huwentoxin-IV,6.66,6.784592056024458
Huwentoxin-IV,7.05,6.934657742813971
Huwentoxin-IV,7.22,7.275084878962691
Huwentoxin-IV,7.52,7.047287630129939
Huwentoxin-IV,6.89,6.986111869484303
Huwentoxin-IV,6.6,6.776589266262456
Huwentoxin-IV,5.88,7.3881252510714885
Huwentoxin-IV,5.77,6.764698967341876
Huwentoxin-IV,7.22,6.807421460735834
Huwentoxin-IV,6.92,6.969746252576235
Huwentoxin-IV,6.8,6.942809281324544
Huwentoxin-IV,6.68,6.836227735419629
Huwentoxin-IV,6.82,6.857305094220998
Huwentoxin-IV,7.3,6.672243804485802
Huwentoxin-IV,7.22,7.156635897442725
Huwentoxin-IV,6.89,7.020525863204322
Huwentoxin-IV,5.71,6.716319482083878
Huwentoxin-IV,6.39,6.721857446602566
Huwentoxin-IV,7.15,6.611407444306352
Huwentoxin-IV,7.15,7.042411787656332
Huwentoxin-IV,6.85,6.581724549665798
Huwentoxin-IV,7.3,6.587828502075149
Huwentoxin-IV,6.82,6.636765830765114
Huwentoxin-IV,6.52,7.1340790801206
Huwentoxin-IV,7.05,6.827611258420336
Huwentoxin-IV,7.4,6.968758783317521
Huwentoxin-IV,6.92,6.843668888880395
Huwentoxin-IV,7.7,7.066822023913489
Huwentoxin-IV,7.15,6.914987807309849
Huwentoxin-IV,6.59,7.00420118605592
Huwentoxin-IV,7.1,7.01262840122299
Huwentoxin-IV,7.05,6.86354216621195
Huwentoxin-IV,6.89,6.962373053387826
Huwentoxin-IV,6.89,7.095955276247924
Huwentoxin-IV,6.89,6.972769528422359
Huwentoxin-IV,7.22,7.078129275999598
Huwentoxin-IV,7.05,6.992558546238116
Huwentoxin-IV,7.0,7.044757022294441
Huwentoxin-IV,6.8,6.8838749629703075
Huwentoxin-IV,6.64,6.828560566068482
Huwentoxin-IV,6.85,6.807110857792932
Huwentoxin-IV,7.22,7.191569962618967
Huwentoxin-IV,6.85,6.897180873679758
Huwentoxin-IV,6.96,6.739850201982127
Huwentoxin-IV,6.34,7.075665343624021
Huwentoxin-IV,7.4,6.78838077942207
Huwentoxin-IV,7.4,6.779950261501589
Huwentoxin-IV,7.1,6.897750231495635
Huwentoxin-IV,6.12,7.024878098672598
Huwentoxin-IV,6.96,6.908237904304521
Huwentoxin-IV,6.96,7.029400878440718
Huwentoxin-IV,7.15,6.919596089553278
Huwentoxin-IV,6.14,6.335157878684484
Huwentoxin-IV,6.55,6.372736328016923
Huwentoxin-IV,6.04,6.5614651407781786
Huwentoxin-IV,6.52,6.447913653832217
Huwentoxin-IV,6.59,6.7311553552726835
Huwentoxin-IV,6.89,7.06052814219833
Huwentoxin-IV,7.22,6.83714942136832
Huwentoxin-IV,7.0,7.214158570511233
Huwentoxin-IV,6.59,6.934329879503991
Huwentoxin-IV,7.0,6.57754119053061
Huwentoxin-IV,6.64,6.809720493568083
Huwentoxin-IV,7.15,6.819208697313272
Huwentoxin-IV,6.96,6.869564324698055
Huwentoxin-IV,6.8,6.853634426830422
Huwentoxin-IV,6.64,6.254245953803099
Huwentoxin-IV,6.96,6.877377443813526
Huwentoxin-IV,6.7,6.742715888770095
Huwentoxin-IV,6.85,6.617850884207658
Huwentoxin-IV,6.66,6.709611984442415
Huwentoxin-IV,7.22,7.029528504987581
Huwentoxin-IV,7.4,7.18128479545354
Huwentoxin-IV,6.74,6.997928182286141
Huwentoxin-IV,7.7,7.151597484693816
Huwentoxin-IV,6.59,6.935535127895871
Huwentoxin-IV,7.3,7.215960071297623
Huwentoxin-IV,6.96,6.980265627668026
Huwentoxin-IV,6.52,6.968837008005752
Huwentoxin-IV,7.15,7.056537859197579
Huwentoxin-IV,6.85,6.843373403473474
Huwentoxin-IV,7.22,7.064237675129494
Huwentoxin-IV,7.7,6.544658023920031
Huwentoxin-IV,5.96,6.763548116611041
Huwentoxin-IV,6.8,6.759948298256426
Huwentoxin-IV,7.4,7.074496980764022
Huwentoxin-IV,7.3,7.175217577190729
Huwentoxin-IV,6.7,7.420521826227909
Huwentoxin-IV,7.1,7.284145583674281
Huwentoxin-IV,7.52,7.329851716352789
Huwentoxin-IV,6.96,7.0298871197737585
Huwentoxin-IV,7.7,7.501627438491963
Huwentoxin-IV,7.15,7.4272519574645335
Huwentoxin-IV,8.0,7.525484159010005
Huwentoxin-IV,7.3,7.258229611821164
Huwentoxin-IV,7.3,7.111380915223836
Huwentoxin-IV,7.15,7.197929604949674
Huwentoxin-IV,7.05,7.41772900618017
Huwentoxin-IV,7.7,7.516724198961943
Huwentoxin-IV,7.05,7.479534036480563
Huwentoxin-IV,7.7,7.503338303205922
Huwentoxin-IV,8.0,7.901008973452167
Huwentoxin-IV,7.22,7.479874826994656
Huwentoxin-IV,8.0,7.529209583307679
Huwentoxin-IV,7.4,7.490481796848577
Huwentoxin-IV,7.22,6.974592870644518
Huwentoxin-IV,6.96,7.0137880419516465
Huwentoxin-IV,6.57,6.977812933166476
Huwentoxin-IV,7.15,6.641305744376037
Huwentoxin-IV,6.82,6.9244996463332855
Huwentoxin-IV,6.85,6.978935159065156
Protoxin II,7.41,6.87995014904291
Huwentoxin-IV,7.1,7.070752908429374
Huwentoxin-IV,7.15,6.90821375623313
Huwentoxin-IV,7.15,7.053967770050899
Huwentoxin-IV,7.22,7.08675295064743
Huwentoxin-IV,6.96,6.994688216225007
Huwentoxin-IV,6.89,7.066735934481407
Huwentoxin-IV,6.52,6.790972842281643
Huwentoxin-IV,6.8,6.764550793915244
Huwentoxin-IV,6.62,6.672891440007478
Huwentoxin-IV,7.7,7.278837176836255
Huwentoxin-IV,7.7,7.213978528622978
Huwentoxin-IV,7.1,7.365233324660754
Huwentoxin-IV,7.15,7.277687350161774
Huwentoxin-IV,7.7,7.1154623772345476
Huwentoxin-IV,6.8,7.2436909083522245
Huwentoxin-IV,7.0,7.260190814380681
Huwentoxin-IV,6.96,7.027558818701735
Huwentoxin-IV,7.15,7.089886067487638
Huwentoxin-IV,7.05,7.130219137344693
Huwentoxin-IV,7.1,7.412801440559857
Huwentoxin-IV,6.72,7.455785680301353
Huwentoxin-IV,7.4,7.230370203353449
Huwentoxin-IV,8.0,7.187162161933205
Huwentoxin-IV,7.7,7.13552000615801
Huwentoxin-IV,7.4,7.968558451981594
Huwentoxin-IV,7.52,7.751784403925185
Huwentoxin-IV,8.0,8.021584750230634
Huwentoxin-IV,6.89,7.611056042316878
Huwentoxin-IV,7.7,7.2185984852019685
Huwentoxin-IV,8.0,7.527890380590488
Huwentoxin-IV,8.0,8.089508412078436
Huwentoxin-IV,7.7,7.406342571684076
Huwentoxin-IV,8.0,7.641154827606553
Huwentoxin-IV,8.0,8.048131266519528
Huwentoxin-IV,7.4,7.590558390256999
Huwentoxin-IV,7.3,6.75242179401867
Protoxin II,7.89,7.53859898999431
Protoxin II,7.94,7.753315435695645
Huwentoxin-IV,7.05,7.078299553896201
Protoxin II,7.15,7.613685374693289
Protoxin II,7.5,7.13194660337835
Protoxin II,6.96,7.260240694802228
Protoxin II,7.03,7.287172849932563
Protoxin II,7.19,7.158310214841286
Protoxin II,7.07,7.157044325374787
Protoxin II,7.16,7.2528638659514755
Protoxin II,7.02,7.235308924623133
Protoxin II,7.28,7.451612697706785
Protoxin II,7.01,6.5805864388350175
Protoxin II,6.36,6.359154033299407
Protoxin II,6.0,6.4792563267036165
Protoxin II,6.11,6.335519024750806
Protoxin II,6.47,6.224772920204313
Protoxin II,6.78,7.090999268939117
Protoxin II,6.95,7.19048932089397
Protoxin II,7.86,7.5897274081341335
Protoxin II,7.69,7.527239309257436
Protoxin II,7.95,7.66962598815703
Protoxin II,7.98,7.465900412811056
Protoxin II,7.81,8.276066412853943
Protoxin II,7.03,7.464750259038619
Protoxin II,7.47,7.483598168730577
Protoxin II,7.345,7.3743453315057055
Protoxin II,8.37,8.17553452491993
Protoxin II,8.15,7.849144220378386
Protoxin II,8.3,7.8286551611534945
Protoxin II,7.484999999999999,7.84888376152487
Protoxin II,8.92,8.384398022407686
Protoxin II,8.4,8.179068740913356
Protoxin II,6.84,7.382790797200069
Protoxin II,7.76,7.276706293161699
Protoxin II,7.53,7.623872628866072
Protoxin II,7.03,7.349650003355895
Protoxin II,7.33,7.273804597536586
Protoxin II,7.12,7.482893894927738
Protoxin II,6.9,7.692820634894166
Protoxin II,7.65,7.533755716353389
Protoxin II,7.95,7.852337681004702
Protoxin II,7.07,7.870516875854989
Protoxin II,7.75,7.667707313995812
Protoxin II,7.89,7.671205185595988
Protoxin II,8.11,7.83094259938034
Protoxin II,8.01,7.5974923643920365
Protoxin II,7.58,7.474445164786896
Protoxin II,7.49,7.576889391167396
Protoxin II,8.39,7.991432920293923
Protoxin II,8.48,8.47157685823982
Protoxin II,7.54,7.8512342948296086
Protoxin II,7.66,7.783636364130291
Protoxin II,7.76,7.70743416400146
Protoxin II,6.97,7.176567343646063
Protoxin II,6.82,7.060437231770176
Protoxin II,7.69,7.260883858412875
Protoxin II,6.94,7.246328622504531
Protoxin II,7.61,7.495815456420182
Protoxin II,7.47,7.621523447416223
Protoxin II,7.63,7.397503382412407
Protoxin II,6.9,7.519439230998894
Protoxin II,6.81,6.856775644168313
Protoxin II,7.24,7.43560428323251
Protoxin II,7.17,7.412991765352003
Protoxin II,7.33,7.419732325956253
Protoxin II,8.21,7.896590649181486
Protoxin II,8.05,7.679725346768888
Protoxin II,7.44,7.4857077564243
Protoxin II,7.55,7.366562659792323
Protoxin II,6.94,7.102614422974703
Protoxin II,7.09,6.758426056061848
Protoxin II,6.95,6.969994504730855
Protoxin II,7.91,8.014714180751879
Protoxin II,7.78,7.803785127054295
Protoxin II,8.15,7.960496793090371
Protoxin II,7.74,7.704773681675905
Protoxin II,8.43,8.56964325867168
Protoxin II,9.0,8.315059840897748
Protoxin II,8.92,8.449714957328938
Protoxin II,8.37,8.161887186607228
Protoxin II,7.21,7.2179346289552955
Protoxin II,7.33,7.5183791861526155
Protoxin II,7.23,7.314114210963479
Protoxin II,7.6,7.267432258727967
Protoxin II,7.15,7.4944944181867506
Protoxin II,6.79,7.222626742014998
Protoxin II,7.02,7.443388230601244
Protoxin II,6.99,7.067995259049968
Protoxin II,7.1,7.036259854712578
Protoxin II,7.34,7.628248309651343
Protoxin II,7.49,7.359344967293879
Protoxin II,6.8,7.623186274295374
Protoxin II,7.58,7.0841256614277945
Protoxin II,6.97,7.563966296651408
Protoxin II,7.18,7.502568093412556
Protoxin II,6.93,7.400689630647172
Protoxin II,7.46,7.608265845804976
Protoxin II,7.33,7.64486810898789
Protoxin II,7.87,7.561267901820224
Protoxin II,7.95,8.199073356267716
Protoxin II,7.52,7.549619437782343
Protoxin II,7.51,7.538015926913187
Protoxin II,7.38,7.511019023654015
Protoxin II,7.91,7.593052593993548
Protoxin II,7.79,7.499222244532231
Protoxin II,7.61,7.5589537767722605
Protoxin II,7.44,7.474931678258329
Protoxin II,6.95,6.938587364248629
Protoxin II,6.74,7.056490541415703
Protoxin II,7.97,7.921424746011348
Protoxin II,7.08,7.8569262456460685
Protoxin II,7.79,7.599448155257071
Protoxin II,7.88,7.667042935916118
Protoxin II,7.75,7.498046658844022
Protoxin II,8.11,8.042816864475068
Protoxin II,7.89,7.742875847065771
Protoxin II,7.38,7.79311570192802
Protoxin II,8.01,7.730295964644577
Protoxin II,8.34,8.075075619558069
Protoxin II,7.73,7.760426166345283
Protoxin II,7.95,7.971354043952739
Protoxin II,7.84,7.763701033269791
Protoxin II,7.89,7.74370515708765
Protoxin II,7.81,7.74532749611027
Protoxin II,7.69,7.967567025487078
Protoxin II,7.609999999999999,7.688729646308166
Protoxin II,8.37,8.468122766932316
Protoxin II,8.24,8.186873900867925
Protoxin II,7.5,7.437610143738513
Protoxin II,6.87,6.981429453013341
Protoxin II,6.74,6.932293040429438
Protoxin II,7.12,7.265779898839216
Protoxin II,7.18,7.18398720943548
Protoxin II,7.34,7.361190953220454
Protoxin II,6.79,7.273964567938228
Protoxin II,7.0,7.459940584650052
Protoxin II,7.61,7.261819207593135
Protoxin II,7.7,7.164008630211691
Protoxin II,8.44,8.287080350242666
Protoxin II,8.36,8.224158156171852
Protoxin II,8.31,8.238199387134992
Protoxin II,7.82,7.419562220020844
Protoxin II,7.63,7.651518949977955
Protoxin II,7.85,7.442073758566555
Protoxin II,7.47,7.667886696198939
Protoxin II,8.18,7.667080109528393
Protoxin II,7.65,7.492739129722146
Protoxin II,7.18,7.693468358052789
Huwentoxin-IV,7.3,7.259287848528415
Protoxin II,7.1,6.887156501237901
Protoxin II,6.87,6.4486233368618455
Protoxin II,7.73,7.797178808221571
Protoxin II,7.43,7.413443741559704
Protoxin II,7.81,7.900434332911338
Protoxin II,8.21,8.248466908408394
Protoxin II,7.63,7.35388497286701
Protoxin II,7.1,7.589373634775648
Protoxin II,8.1,7.633770502474191
Protoxin II,7.69,7.682427443102751
Protoxin II,7.84,7.757942074551791
Protoxin II,7.86,7.856175595483221
Protoxin II,7.57,7.627104134998691
Protoxin II,7.19,7.74966799986166
Protoxin II,8.08,7.870526021632082
Protoxin II,7.63,7.762431462899637
Protoxin II,7.92,7.7962439010057265
Protoxin II,7.53,7.5595295641890345
Protoxin II,7.58,7.817535112644652
Protoxin II,7.62,7.65459987249551
Protoxin II,7.94,7.706625642083606
Protoxin II,8.12,7.800439908711728
Protoxin II,7.76,7.760423312465502
Protoxin II,8.35,8.511844012482866
Protoxin II,8.39,8.421687847481325
Huwentoxin-IV,6.96,7.05309042075109
Protoxin II,6.71,6.474332149518225
Protoxin II,6.01,6.470569075725643
Protoxin II,6.36,6.648385639035375
Protoxin II,6.17,6.2457408493177375
Protoxin II,6.12,6.33085714620221
Protoxin II,7.92,7.746452650516879
Protoxin II,8.04,7.657312355760862
Protoxin II,7.59,7.747340880295332
Protoxin II,7.51,7.531299556160367
Protoxin II,7.11,7.335290310911547
Protoxin II,7.73,7.598174701846749
Protoxin II,8.37,8.02572891938397
Protoxin II,7.24,7.399664975269925
Protoxin II,7.48,7.39008346283876
Protoxin II,7.59,7.64889494863412
Protoxin II,7.73,7.631979034857644
Protoxin II,7.81,7.70330762290065
Protoxin II,7.71,7.73087283170231
Protoxin II,7.58,7.54597684688353
Protoxin II,7.65,7.543925918197748
Protoxin II,7.84,7.871994151144303
Protoxin II,7.65,7.687389469433815
Protoxin II,7.74,7.816937121855798
Protoxin II,7.55,7.430859862678406
Protoxin II,7.75,7.681945999030357
Protoxin II,7.75,7.563500380196959
Protoxin II,7.71,7.701426209342114
Protoxin II,7.87,7.567421317869801
Protoxin II,7.74,7.5547153436760555
Protoxin II,8.59,8.472305205102836
Protoxin II,8.37,8.433676188765519
Protoxin II,8.38,8.407025312068305
Protoxin II,7.49,7.518541790716053
Huwentoxin-IV,6.92,6.986787860138411
Huwentoxin-IV,6.8,6.924919112442184
Protoxin II,6.15,6.728103225260064
Protoxin II,6.03,6.374090406931349
Protoxin II,7.04,6.995452314997813
Protoxin II,7.29,7.395259298089236
Protoxin II,7.0,7.250123421905386
Protoxin II,7.58,7.413261673792409
Protoxin II,7.43,7.517438535523014
Protoxin II,7.89,7.610706767446476
Protoxin II,8.37,8.097782834412522
Protoxin II,7.69,7.758121123458422
Protoxin II,8.82,8.388676752564967
Protoxin II,7.91,8.195848891139322
Protoxin II,7.57,7.424589841176186
Protoxin II,7.48,7.553307271229315
Protoxin II,7.75,7.744746212613175
Protoxin II,7.49,7.523180933532326
Protoxin II,7.68,7.690361651465363
Protoxin II,7.28,7.238294381436524
Protoxin II,7.56,7.533006217971806
Protoxin II,7.37,7.649054722265073
Protoxin II,7.8,7.696319116964723
Protoxin II,7.18,7.414321069226467
Protoxin II,7.97,7.792922482344001
Protoxin II,7.68,7.9897832224943555
Protoxin II,8.54,7.86445139944319
Protoxin II,7.97,7.903810490517476
Protoxin II,7.98,7.902251800332788
Protoxin II,7.76,7.945991509081376
Protoxin II,8.42,8.148136484675534
Protoxin II,7.42,7.301440218844188
Protoxin II,7.33,7.564233436793202
Protoxin II,7.78,7.67773156989627
Protoxin II,8.3,8.090939540598034
Protoxin II,7.2,7.332207785536444
Protoxin II,8.39,7.956691679127086
Protoxin II,7.9350000000000005,8.498784979366437
Protoxin II,7.68,7.599021643737782
Protoxin II,8.01,8.07605659973377
Protoxin II,8.35,8.183696197137813
Protoxin II,7.99,7.984523533780191
Protoxin II,9.3,8.111572095017806
Protoxin II,8.32,8.452555499045834
Protoxin II,8.17,8.247856657978195
Protoxin II,7.04,7.626663464384191
GpTx-1,6.52,6.390996049133638
GpTx-1,5.49,5.551697724098157
GpTx-1,7.96,7.65444263611343
GpTx-1,5.82,5.671000990562917
GpTx-1,7.33,7.490142343047215
GpTx-1,5.3,5.564917838334016
GpTx-1,6.7,6.6963494708367435
GpTx-1,5.43,5.681925139121783
GpTx-1,7.92,7.520155187769703
GpTx-1,6.3,5.747145913846434
GpTx-1,7.25,7.567655727146325
GpTx-1,5.3,5.79445855951185
GpTx-1,7.0,6.970967242819441
GpTx-1,6.82,7.023155540987042
JzTx-V,8.3,7.982749577210335
Pnc1a,7.51,6.983183767596588
GpTx-1,6.96,6.662711534443008
GpTx-1,7.05,6.951044626876873
Protoxin II,8.19,7.395417977666162
Protoxin II,7.99,8.48751111880045
Protoxin II,8.12,8.071445327258168
Protoxin II,7.52,8.02839570478894
Protoxin II,8.6,8.362016992983417
GpTx-1,6.96,6.869332013277892
JzTx-V,8.3,7.924441449031789
GpTx-1,6.77,6.783325552421332
GpTx-1,7.15,6.98762152275746
Protoxin II,7.94,8.25526923927355
Protoxin II,8.02,7.7482310612521665
Pnc1a,6.55,6.492266215024148
GpTx-1,6.96,7.069037714375868
GpTx-1,7.3,7.064720589236532
GpTx-1,6.66,6.828855488333219
JzTx-V,7.23,7.83725571320348
GpTx-1,6.8,6.763672813880933
JzTx-V,6.07,7.827954706381345
JzTx-V,5.15,4.9172856467036326
JzTx-V,6.0,7.3336920009134206
JzTx-V,6.72,6.307763882827124
JzTx-V,8.34,7.993941267519408
JzTx-V,5.3,5.684520989270367
JzTx-V,5.3,5.8212611774037555
JzTx-V,5.34,5.3699715257795475
JzTx-V,5.42,5.7342923405472925
JzTx-V,7.03,7.291147636796445
Protoxin II,6.6,6.731765984467027
JzTx-V,6.82,6.589981506498873
JzTx-V,5.15,5.406533304358092
JzTx-V,6.25,6.091176101470508
JzTx-V,5.57,5.689814559016225
JzTx-V,7.1,6.784103911268964
JzTx-V,5.3,5.502493374289479
Protoxin II,8.19,7.930936675336318
Protoxin II,8.15,8.132136946212333
Protoxin II,8.1,8.29912040335084
JzTx-V,7.28,6.599138804284325
JzTx-V,5.255,5.712496585274162
JzTx-V,7.6,7.615536146618399
JzTx-V,7.51,7.61831586509848
JzTx-V,7.74,7.722539969065792
JzTx-V,7.92,7.630244058859859
Protoxin II,5.03,6.715336666926613
Protoxin II,7.15,6.750340882827103
Protoxin II,6.59,6.731432312281921
JzTx-V,7.41,7.472348306069986
JzTx-V,8.1,7.964380381171147
JzTx-V,8.15,7.97901687755521
JzTx-V,7.66,7.5004194364313514
Protoxin II,6.37,7.046005029914947
Protoxin II,8.3,8.192644525571906
Protoxin II,8.52,8.33832374240381
Protoxin II,9.0,8.274721830999106
Protoxin II,8.4,8.145087937800646
Protoxin II,9.0,9.051660086793557
Protoxin II,7.17,8.377234320191025
Protoxin II,9.7,8.940286820215945
JzTx-V,9.04,7.814897236751153
Protoxin II,8.77,8.761280762777039
Protoxin II,6.26,7.199354334866771
Protoxin II,9.0,9.061691360734718
Protoxin II,9.0,8.757313528192713
GpTx-1,8.7,9.202610495575689
Protoxin II,5.82,7.115786008277028
JzTx-V,7.08,5.6066204009550225
JzTx-V,6.91,6.261888819229658
JzTx-V,6.48,6.073973296616533
JzTx-V,7.1,7.385418875409435
JzTx-V,7.19,7.565220266726786
JzTx-V,8.1,7.745432270543438
JzTx-V,7.4,7.645434546774009
JzTx-V,8.05,7.112412358680956
JzTx-V,7.92,8.290666273576013
JzTx-V,7.05,5.92638354770325
JzTx-V,6.13,8.044675256749825
JzTx-V,5.57,5.266552786144829
JzTx-V,5.3,5.660631921038121
JzTx-V,5.3,5.2359855938593185
JzTx-V,5.3,5.295385628271712
JzTx-V,5.87,6.178405687342852
JzTx-V,5.93,6.251216220394003
JzTx-V,6.475,6.9091083803040485
JzTx-V,6.79,6.73877969785283
JzTx-V,8.15,7.789015658387586
JzTx-V,6.77,7.551481372660764
JzTx-V,7.645,7.087554812880373
JzTx-V,8.8,8.40538707207831
JzTx-V,6.39,6.961274198564645
JzTx-V,6.96,7.019698761088853
JzTx-V,8.7,7.9700485653436175
JzTx-V,7.1,6.970760801660231
JzTx-V,8.39,7.980025659067304
JzTx-V,5.33,5.895810119683571
JzTx-V,7.05,6.972930015947909
JzTx-V,9.05,8.379324996704646
JzTx-V,6.275,6.388957494536153
JzTx-V,6.859999999999999,6.7641102123973225
JzTx-V,8.59,8.372247959437095
JzTx-V,6.28,6.34210553398749
JzTx-V,6.47,6.483459995980048
JzTx-V,7.22,7.373777551617169
JzTx-V,8.11,8.19985167735036
JzTx-V,7.05,7.364897105042647
JzTx-V,7.7,7.40284038249862
JzTx-V,7.15,7.24727237304041
JzTx-V,7.21,7.433663129471694
JzTx-V,6.03,7.0173189072922755
JzTx-V,6.52,6.762346901686979
JzTx-V,5.4,6.457786271016814
JzTx-V,6.62,6.64250563111882
JzTx-V,5.3,6.763111689878215
JzTx-V,6.0,6.99221328339733
JzTx-V,7.91,7.926630701223925
JzTx-V,7.52,7.663383580998118
JzTx-V,7.55,7.018115258078411
JzTx-V,9.125,8.006866198059468
JzTx-V,7.28,7.2133562648434575
JzTx-V,6.55,7.071581501034668
JzTx-V,6.58,8.112529613323932
Protoxin II,7.85,7.50322142146539
JzTx-V,7.960000000000001,7.6799251684241225
JzTx-V,6.77,7.005017498125731
JzTx-V,9.195,8.117637301308521
JzTx-V,7.88,7.614861354381509
JzTx-V,6.96,7.455641523007061
JzTx-V,7.17,7.397247649646644
JzTx-V,7.85,7.606631440157017
JzTx-V,7.59,7.568643973236383
JzTx-V,7.55,7.85778130091725
JzTx-V,6.82,7.021330872482975
JzTx-V,7.8,7.751294440478241
JzTx-V,7.52,7.2343549930297035
JzTx-V,7.0,7.187361492427661
JzTx-V,7.05,7.032857720692783
JzTx-V,8.23,8.120764346315271
JzTx-V,8.0,7.727766053126672
JzTx-V,7.85,8.019823925369165
JzTx-V,7.7,7.203124288390003
Protoxin II,6.0,6.901958635183338
JzTx-V,8.15,7.949389605682291
JzTx-V,8.1,7.891395874162744
JzTx-V,8.1,7.766346076284244
JzTx-V,5.82,6.468848213672733
JzTx-V,7.85,7.691001047482774
JzTx-V,7.6,7.911123362675974
